{"cameraMode":{"drawMode":0,"name":"Shaded","section":"Shading Mode"},"sceneLighting":true,"audioPlay":false,"sceneViewState":{"m_AlwaysRefresh":false,"showFog":true,"showSkybox":true,"showFlares":true,"showImageEffects":true,"showParticleSystems":true,"showVisualEffectGraphs":true,"m_FxEnabled":true},"in2DMode":false,"pivot":{"x":150.27566528320313,"y":5.1234917640686039,"z":940.7926025390625},"rotation":{"x":0.14876402914524079,"y":0.8215839862823486,"z":-0.2490318864583969,"w":0.49079152941703799},"size":23.904367446899415,"orthographic":false}