{"cameraMode":{"drawMode":0,"name":"Shaded","section":"Shading Mode"},"sceneLighting":true,"audioPlay":false,"sceneViewState":{"m_AlwaysRefresh":false,"showFog":true,"showSkybox":true,"showFlares":true,"showImageEffects":true,"showParticleSystems":true,"showVisualEffectGraphs":true,"m_FxEnabled":true},"in2DMode":false,"pivot":{"x":151.28492736816407,"y":0.5466289520263672,"z":946.6873779296875},"rotation":{"x":-0.38156017661094668,"y":-0.35097452998161318,"z":0.15940333902835847,"w":-0.8401472568511963},"size":4.205758571624756,"orthographic":false}